StudentID,ProgrammeID,StudentName
1,1,Michael Moore
2,1,Patricia Smith
3,1,Linda Smith
4,1,Robert Jones
5,1,Michael Moore
6,1,Elizabeth Davis
7,1,John Williams
8,1,Michael Smith
9,1,Linda Jones
10,1,Robert Moore
11,1,Patricia Williams
12,1,Linda Moore
13,1,Linda Miller
14,1,John Jones
15,1,Jennifer Williams
16,1,Robert Taylor
17,1,Mary Brown
18,1,Linda Brown
19,1,Jennifer Williams
20,1,Mary Moore
21,1,Robert Jones
22,1,James Brown
23,1,Elizabeth Jones
24,1,Jennifer Brown
25,1,William Miller
26,1,James Moore
27,1,Elizabeth Miller
28,1,John Brown
29,1,Michael Taylor
30,1,Patricia Taylor
31,2,William Miller
32,2,John Taylor
33,2,Robert Brown
34,2,John Williams
35,2,Michael Miller
36,2,Robert Johnson
37,2,William Moore
38,2,Michael Taylor
39,2,Mary Taylor
40,2,Patricia Smith
41,2,William Davis
42,2,Mary Miller
43,2,Elizabeth Wilson
44,2,William Taylor
45,2,Elizabeth Moore
46,2,Robert Johnson
47,2,Mary Taylor
48,2,Patricia Johnson
49,2,Michael Brown
50,2,Linda Brown
51,2,John Davis
52,2,James Williams
53,2,Patricia Wilson
54,2,Mary Smith
55,2,Linda Davis
56,2,Patricia Jones
57,2,Mary Smith
58,2,Jennifer Miller
59,2,Jennifer Moore
60,2,Elizabeth Jones
61,3,Patricia Jones
62,3,Jennifer Davis
63,3,Mary Williams
64,3,Elizabeth Davis
65,3,Mary Miller
66,3,Elizabeth Taylor
67,3,Patricia Taylor
68,3,Linda Williams
69,3,Michael Miller
70,3,William Williams
71,3,Linda Johnson
72,3,Robert Taylor
73,3,Mary Jones
74,3,Robert Wilson
75,3,Linda Moore
76,3,Elizabeth Miller
77,3,William Smith
78,3,William Williams
79,3,James Moore
80,3,William Smith
81,3,Michael Moore
82,3,William Wilson
83,3,Linda Smith
84,3,James Davis
85,3,Linda Brown
86,3,Linda Davis
87,3,John Taylor
88,3,James Brown
89,3,Linda Davis
90,3,John Brown
91,4,John Brown
92,4,James Jones
93,4,Robert Williams
94,4,Elizabeth Williams
95,4,Michael Jones
96,4,Elizabeth Moore
97,4,William Johnson
98,4,Michael Moore
99,4,William Smith
100,4,Linda Smith
101,4,Mary Brown
102,4,James Davis
103,4,Michael Davis
104,4,Michael Williams
105,4,Linda Miller
106,4,Robert Moore
107,4,John Taylor
108,4,Linda Wilson
109,4,Jennifer Davis
110,4,John Wilson
111,4,James Brown
112,4,John Wilson
113,4,Robert Taylor
114,4,John Jones
115,4,James Taylor
116,4,Robert Wilson
117,4,Elizabeth Taylor
118,4,Michael Johnson
119,4,Michael Brown
120,4,William Moore
121,5,Elizabeth Jones
122,5,Elizabeth Davis
123,5,John Smith
124,5,Michael Moore
125,5,James Smith
126,5,Patricia Brown
127,5,Patricia Jones
128,5,Robert Williams
129,5,Michael Davis
130,5,Michael Johnson
131,5,Patricia Williams
132,5,Michael Brown
133,5,John Moore
134,5,Jennifer Johnson
135,5,Mary Taylor
136,5,Elizabeth Wilson
137,5,William Johnson
138,5,Robert Brown
139,5,Jennifer Miller
140,5,Patricia Wilson
141,5,Elizabeth Smith
142,5,Michael Davis
143,5,William Smith
144,5,Michael Johnson
145,5,James Smith
146,5,James Brown
147,5,William Taylor
148,5,William Moore
149,5,Patricia Davis
150,5,William Smith
